{
  "project_info": {
    "project_number": "1073736616586",
    "firebase_url": "https://peppy-avatar-236006.firebaseio.com",
    "project_id": "peppy-avatar-236006",
    "storage_bucket": "peppy-avatar-236006.appspot.com"
  },
  "client": [
    {
      "client_info": {
        "mobilesdk_app_id": "1:1073736616586:android:7588f44bb3bdfa30b9fb73",
        "android_client_info": {
          "package_name": "com.example.uber"
        }
      },
      "oauth_client": [
        {
          "client_id": "1073736616586-rb46q9rpilruh2at7jrnp1l6p7t3glnm.apps.googleusercontent.com",
          "client_type": 1,
          "android_info": {
            "package_name": "com.example.uber",
            "certificate_hash": "bc66021c7df98fc7e583c1b3026da01587925f1b"
          }
        },
        {
          "client_id": "1073736616586-08q95uh7akoclq6loqd6b45mq4h01l16.apps.googleusercontent.com",
          "client_type": 3
        }
      ],
      "api_key": [
        {
          "current_key": "AIzaSyBrfOivZCgBZVyRGt56shR0igOK1VLYrBk"
        }
      ],
      "services": {
        "appinvite_service": {
          "other_platform_oauth_client": [
            {
              "client_id": "1073736616586-08q95uh7akoclq6loqd6b45mq4h01l16.apps.googleusercontent.com",
              "client_type": 3
            }
          ]
        }
      }
    }
  ],
  "configuration_version": "1"
}